case	cycles	source	burst_max	outstanding	fifo_depth	addr_bits
sum-o5-n1024	1092	bambu_axi_burst_sum_o5.cpp	16	5	256	32
sum-o8-n1024	1092	bambu_axi_burst_sum_o8.cpp	16	8	256	32
sum-o16-n1024	1092	bambu_axi_burst_sum_o16.cpp	16	16	256	32
sum-o1-n1024	5124	bambu_axi_burst_sum_o1.cpp	16	1	256	32
sum-o5-n2048	2116	bambu_axi_burst_sum_o5.cpp	16	5	256	32
sum-o8-n2048	2116	bambu_axi_burst_sum_o8.cpp	16	8	256	32
sum-o16-n2048	2116	bambu_axi_burst_sum_o16.cpp	16	16	256	32
sum-o1-n2048	10244	bambu_axi_burst_sum_o1.cpp	16	1	256	32
sum-o1-n1024-addr64	5124	bambu_axi_burst_sum_o1.cpp	16	1	256	64
sum-o1-n1024-lat128	9220	bambu_axi_burst_sum_o1_lat128.cpp	16	1	256	32
